[
    {"port": 9090, "id": "cockpit-link", "name": "Cockpit"},
    {"port": 10000, "id": "webmin-link", "name": "Webmin"},
    {"port": 9000, "id": "portainer-link", "name": "Portainer"},

    {"port": 8200, "id": "dlna-link", "name": "DLNA"},
    {"port": 631, "id": "cups-link", "name": "CUPS"},

    {"port": 8080, "id": "nextcloud-link", "name": "Nextcloud"},
    {"port": 2342, "id": "photoprism-link", "name": "Photoprism"},
    {"port": 8096, "id": "jellyfin-link", "name": "Jellyfin"},
    {"port": 4040, "id": "airsonic-link", "name": "AirSonic"},
    {"port": 32400, "id": "plex-link", "name": "Plex"}
]